{"stats":{"minecraft:used":{"minecraft:crafting_table":1},"minecraft:picked_up":{"minecraft:crafting_table":1,"minecraft:oak_log":5,"minecraft:oak_planks":16},"minecraft:mined":{"minecraft:oak_log":5},"minecraft:crafted":{"minecraft:crafting_table":1,"minecraft:oak_planks":20},"minecraft:custom":{"minecraft:jump":19,"minecraft:time_since_rest":4264,"minecraft:play_time":4264,"minecraft:leave_game":4,"minecraft:sprint_one_cm":359,"minecraft:time_since_death":4264,"minecraft:walk_one_cm":7010,"minecraft:total_world_time":4264,"minecraft:interact_with_crafting_table":6}},"DataVersion":3953}